author,num_comments,score,ups,downs,gilded,created_utc
sckurvee,2,3,3,0,0,1425440343
mattandbianca,6,1,1,0,0,1427207934
Ullah_86,3,3,3,0,0,1425891025
Blight_Dragon,11,12,12,0,0,1427082554
[deleted],8,1,1,0,0,1425940046
swingthrowaway666,28,6,6,0,0,1426647646
hiddenswing,2,2,2,0,0,1427841639
throwawayAC333,5,6,6,0,0,1427576746
swingfromthetrees69,7,6,6,0,0,1425852694
YourToyChest,0,0,0,0,0,1427205938
kinkitup4u,13,2,2,0,0,1427818768
CharliesGal,24,10,10,0,0,1425675834
testing78378,2,1,1,0,0,1426188496
Professor6179,15,0,0,0,0,1426281992
SacredEd,23,12,12,0,0,1427415059
keepingitspicy69,6,4,4,0,0,1426639204
Houston_Swangers,12,8,8,0,0,1425872008
Robnstace,3,9,9,0,0,1427305681
Fuck_My_Girl28,9,10,10,0,0,1425948401
hornyhusband1234,6,1,1,0,0,1426634148
bbw68andiouone69,0,0,0,0,0,1426582512
curious_husband,10,3,3,0,0,1426009247
mattandbianca,24,23,23,0,0,1426863285
partylovers,1,0,0,0,0,1427415490
jhnsfw,8,4,4,0,0,1427685839
[deleted],10,24,24,0,0,1427255914
wifey_makes_me_cum,26,16,16,0,0,1427117365
ditchit19,8,0,0,0,0,1425940697
[deleted],0,1,1,0,0,1425696268
[deleted],6,7,7,0,0,1426803450
bayandsnow,16,5,5,0,0,1425444738
throwawaythenextday,10,3,3,0,0,1426644974
youngfuncouple92,24,6,6,0,0,1427237331
juckfire,8,4,4,0,0,1426463170
ObviousThrowawayBR,129,27,27,0,0,1426114778
Ownerjfa,7,27,27,0,0,1427195380
sevksytime,5,2,2,0,0,1427036404
GreatMarriageSex,5,6,6,0,0,1425410956
Thehell_ofit,26,28,28,0,0,1427158118
SRSexQuestions,12,5,5,0,0,1427209450
LuckyMan82,6,12,12,0,0,1427172234
[deleted],9,2,2,0,0,1427661499
mattandbianca,12,30,30,0,0,1426089490
KarenBootsoff,13,6,6,0,0,1426740488
Swingforfun,7,6,6,0,0,1427558158
[deleted],7,3,3,0,0,1426340458
Wegottathing,0,2,2,0,0,1425579866
[deleted],2,5,5,0,0,1427637841
MidwestSwingers,8,2,2,0,0,1427295040
[deleted],8,16,16,0,0,1426404326
SwapFu,7,3,3,0,0,1425570127
[deleted],0,0,0,0,0,1425473584
[deleted],4,3,3,0,0,1427482435
ObviousThrowawayBR,18,28,28,0,0,1426026389
zeevoo,2,0,0,0,0,1425906426
throw_it_away3,29,4,4,0,0,1426076461
ilikecheese83,10,2,2,0,0,1425337802
[deleted],16,10,10,0,0,1426392888
[deleted],0,1,1,0,0,1425575540
RoleplayLounge,0,0,0,0,0,1427162753
coffeeandtea_swing,30,16,16,0,0,1426257230
nammawasnt,18,16,16,0,0,1427821339
Peehound,2,6,6,0,0,1427809912
[deleted],0,0,0,0,0,1426017154
mattandbianca,0,9,9,0,0,1426799893
lapetitemort8688,18,11,11,0,0,1426617043
[deleted],6,5,5,0,0,1425699525
aaronp2,1,5,5,0,0,1425863126
[deleted],7,2,2,0,0,1426296746
nosler-pie,15,2,2,0,0,1427240454
knkycpl17,9,4,4,0,0,1425513113
MyWildLifestyle,0,2,2,0,0,1426928831
[deleted],26,1,1,0,0,1425957845
Moppy6686,21,2,2,0,0,1427219963
knkycpl17,0,0,0,0,0,1426590232
[deleted],17,16,16,0,0,1426784216
Swingceet,15,18,18,0,0,1426426813
[deleted],3,2,2,0,0,1426010410
i_am_sexbot,6,5,5,0,0,1426731742
candyapple321,48,20,20,0,0,1425919186
HanaliEverAfter,25,28,28,0,0,1426434971
Augustus_Trollus_III,18,14,14,0,0,1426207965
her-right_brain,6,43,43,0,0,1426298198
[deleted],1,0,0,0,0,1425610464
lavenderleopard,20,6,6,0,0,1425721464
[deleted],4,6,6,0,0,1427090882
YourToyChest,0,0,0,0,0,1427213274
[deleted],13,14,14,0,0,1427680820
inner_dreams,6,8,8,0,0,1427443884
biseksthrowaway,5,5,5,0,0,1427155607
DK_11,10,8,8,0,0,1425631555
swingingforfun,4,1,1,0,0,1427527548
the_real_t,10,10,10,0,0,1426660800
DirtyChez,5,2,2,0,0,1426013910
coquettish1,1,0,0,0,0,1426532097
SwapFu,5,8,8,0,0,1426592284
brainfromplanetarous,7,3,3,0,0,1427255683
randomdad08,8,18,18,0,0,1427736696
-CanYouKeepASecret,3,0,0,0,0,1425781123
OurFreakySecrets,14,5,5,0,0,1427680982
htcpl507,4,1,1,0,0,1426355998
[deleted],17,0,0,0,0,1426143289
the_real_t,16,8,8,0,0,1427178176
Teampb,8,1,1,0,0,1427383130
Imperfectyourenot,7,11,11,0,0,1425784161
[deleted],18,4,4,0,0,1426698973
Parejas-Swinger,0,0,0,0,0,1427303491
RoleplayLounge,0,0,0,0,0,1427213519
[deleted],8,0,0,0,0,1427319730
Thwaway123456,12,3,3,0,0,1425928842
YourToyChest,0,0,0,0,0,1427209561
MikeNMelissa420,0,0,0,0,0,1427296512
theitkids,0,5,5,0,0,1427170131
isthistruethrowaway,2,2,2,0,0,1425458172
dwil840433,10,8,8,0,0,1426966299
partytimewatcher,10,3,3,0,0,1426568678
sexycpl_trowaway,25,4,4,0,0,1425503420
pdubs23,1,2,2,0,0,1426293212
Agent_Orange_Julius_,18,11,11,0,0,1425527948
roger_123,10,7,7,0,0,1427587289
krmlldy,8,1,1,0,0,1427400873
Throwawayforakink,4,3,3,0,0,1427005008
[deleted],19,68,68,0,0,1427342751
sagan555,14,12,12,0,0,1427063671
[deleted],12,8,8,0,0,1426718185
mtgfpsacct,8,1,1,0,0,1427777285
Ourotheraccount,18,2,2,0,0,1425909232
Rosie864,1,0,0,0,0,1426286918
JustWatching2015,1,0,0,0,0,1427727397
skypefuckus1991,1,0,0,0,0,1427249003
mattandbianca,12,13,13,0,0,1426354147
Doingitrght,15,7,7,0,0,1425343974
shacklefjord,8,0,0,0,0,1425570781
aintnobasic,0,1,1,0,0,1426190826
[deleted],0,1,1,0,0,1426896933
bubblitious,13,1,1,0,0,1426110371
ffmindy2015,2,0,0,0,0,1426388059
swingky18,3,0,0,0,0,1426133481
KinkyCouple12,13,5,5,0,0,1426796168
eyesonthelines,13,4,4,0,0,1427776706
[deleted],6,0,0,0,0,1427481312
mattandbianca,6,1,1,0,0,1426870476
blissbringers,4,7,7,0,0,1427647643
Cheshyrepanda,16,2,2,0,0,1425872464
PinkRosePetal,5,1,1,0,0,1427560248
sumthing-clever,2,19,19,0,0,1427137245
[deleted],0,1,1,0,0,1426435289
cokadudledoo,3,11,11,0,0,1426828947
Slunks,14,3,3,0,0,1427818053
Lefthandfury,46,15,15,0,0,1425617676
OneAndOnlyJackSchitt,3,3,3,0,0,1426660866
sirc17,1,6,6,0,0,1425497819
Southernerd,34,8,8,0,0,1425749685
swingingforfun,0,4,4,0,0,1427113972
[deleted],11,4,4,0,0,1427317708
[deleted],23,17,17,0,0,1425239066
throwawaydddd13,2,7,7,0,0,1426093068
[deleted],0,1,1,0,0,1426370591
Agent_Orange_Julius_,9,4,4,0,0,1425845343
[deleted],17,13,13,0,0,1426558592
mrbigmrssexy,3,13,13,0,0,1426956846
InhumanIssues,34,9,9,0,0,1427467543
riverdawnbringer,4,2,2,0,0,1427226601
partytimewatcher,14,14,14,0,0,1425949390
sweetdreams2015,5,5,5,0,0,1427101358
[deleted],0,1,1,0,0,1426966499
[deleted],7,11,11,0,0,1425555015
nosler-pie,5,8,8,0,0,1426476406
atxgangbang15,7,25,25,0,0,1425813710
playtimesocal,12,6,6,0,0,1426599568
Malpine1,15,25,25,0,0,1426596918
Carnal_Inc,4,0,0,0,0,1425655556
luckbastard90230,4,4,4,0,0,1427609914
[deleted],0,0,0,0,0,1426127828
FireEngineWife,15,0,0,0,0,1425324835
Throwaway79883,3,0,0,0,0,1427322379
marioros00,0,0,0,0,0,1426375609
tarkiz,5,0,0,0,0,1427215349
wolfington12,3,2,2,0,0,1427171841
Parejas-Swinger,0,0,0,0,0,1427246768
ffmindy2015,8,0,0,0,0,1426345768
LosAngelesSwingCpl,17,1,1,0,0,1425529981
randomstuffshere,14,3,3,0,0,1425480380
sexyAntje,0,1,1,0,0,1425832242
YourToyChest,0,0,0,0,0,1427219523
this-will-be-good,1,0,0,0,0,1425474183
mattandbianca,19,6,6,0,0,1426897243
mysexrdtaccouint2014,26,9,9,0,0,1427293802
Samantha_Cook784,0,1,1,0,0,1426734050
scarfacesaints,0,0,0,0,0,1427729431
PsychotronicStooge,1,0,0,0,0,1425428617
Wegottathing,6,2,2,0,0,1426971992
Niche_Man,11,2,2,0,0,1426556255
LionAndMonkey,44,29,29,0,0,1426607591
curiousmonogomist,4,6,6,0,0,1426444839
AnguisetteAntha,16,12,12,0,0,1426810395
LonelyJester,5,2,2,0,0,1426097704
[deleted],8,15,15,0,0,1427800921
CakePirate84,4,0,0,0,0,1425285520
Chantiboo,24,19,19,0,0,1427645481
4thwiseman,29,11,11,0,0,1425224432
SoftSwapper,12,13,13,0,0,1425568599
[deleted],0,1,1,0,0,1426122904
panchoop,6,0,0,0,0,1425229165
squirtmaestro,0,1,1,0,0,1426878969
setbuilder44,2,0,0,0,0,1425495739
flwrsme,22,15,15,0,0,1425518863
[deleted],6,6,6,0,0,1425428565
mattandbianca,1,1,1,0,0,1426883054
foxyfroglegs,5,3,3,0,0,1426133053
youngfuncouple92,4,0,0,0,0,1427147912
yeaimbbw,0,1,1,0,0,1427427168
cheapinvite1,41,43,43,0,0,1426787257
amateurutcouple,10,5,5,0,0,1426805305
[deleted],10,5,5,0,0,1426184923
tonyreynol,2,0,0,0,0,1425675813
[deleted],8,30,30,0,0,1426911303
[deleted],9,12,12,0,0,1427565242
keepingitspicy69,7,9,9,0,0,1425702812
JustWatching2015,5,1,1,0,0,1427694284
dcswing,8,5,5,0,0,1425592314
[deleted],6,1,1,0,0,1425885364
brettadam,2,6,6,0,0,1426546964
ajn12404,24,5,5,0,0,1426495614
[deleted],9,3,3,0,0,1426174539
Doakes_Surprise,4,4,4,0,0,1427570470
hornyazcouple,1,0,0,0,0,1426240999
to_the_edge,16,5,5,0,0,1426180018
Vanillacpl,2,0,0,0,0,1425835803
[deleted],3,0,0,0,0,1425222929
Cazadornf666,2,0,0,0,0,1427251478
MrCouple,11,8,8,0,0,1425912828
IveGotTheWrongSub,3,5,5,0,0,1426860914
[deleted],0,1,1,0,0,1426379632
kiwi_swinger,7,5,5,0,0,1425168317
Adalts,0,0,0,0,0,1427734336
ElThrowaway69,20,13,13,0,0,1426178916
trentsh,12,5,5,0,0,1427594580
throw_it_away3,8,8,8,0,0,1426389650
yeaimbbw,0,1,1,0,0,1425778272
[deleted],0,0,0,0,0,1427813957
[deleted],0,0,0,0,0,1425330328
the_real_t,24,5,5,0,0,1425435059
Tenski1210,3,5,5,0,0,1427241559
Parejas-Swinger,0,0,0,0,0,1427156889
[deleted],19,0,0,0,0,1425302871
[deleted],7,13,13,0,0,1426221764
swapsrus,9,4,4,0,0,1426631554
surferdude123,65,10,10,0,0,1426194735
VegasVacationThroway,3,9,9,0,0,1427748605
[deleted],26,3,3,0,0,1425353616
[deleted],2,0,0,0,0,1425673564
[deleted],15,1,1,0,0,1427309413
Peehound,18,12,12,0,0,1425272958
Oregon_swingers,17,6,6,0,0,1426029062
[deleted],8,5,5,0,0,1425501322
